line_length,verb_percentage,stopword_percentage,punctuation_percentage,line_length_trans,stopword_percentage_trans,punctuation_percentage_trans
29,0.0,3.4000000000000004,0.0,1.400360331291396,1.8439088914585773,0.0
19,20.0,5.3,0.0,1.3423796509621049,2.3021728866442674,0.0
33,0.0,0.0,0.0,1.4185720345070807,0.0,0.0
51,20.0,5.9,2.0,1.4816888666071193,2.428991560298224,1.4142135623730951
10,0.0,0.0,0.0,1.2589254117941673,0.0,0.0
47,0.0,6.4,2.1,1.469636013359929,2.5298221281347035,1.449137674618944
14,0.0,0.0,0.0,1.3020054543174675,0.0,0.0
6,0.0,0.0,0.0,1.1962311988513157,0.0,0.0
22,0.0,0.0,0.0,1.362204366553743,0.0,0.0
70,0.0,5.7,2.9000000000000004,1.52936027064522,2.3874672772626644,1.7029386365926402
89,13.3,4.5,1.1,1.5665310257218434,2.1213203435596424,1.0488088481701514
20,0.0,0.0,0.0,1.3492828476735634,0.0,0.0
90,13.3,3.3000000000000003,2.2,1.5682823361402,1.8165902124584952,1.4832396974191324
36,0.0,2.8000000000000003,5.6000000000000005,1.4309690811052556,1.6733200530681511,2.3664319132398464
23,0.0,0.0,0.0,1.368273083326153,0.0,0.0
168,17.9,4.8,1.2,1.6692866808104652,2.1908902300206643,1.095445115010332
10,0.0,0.0,0.0,1.2589254117941673,0.0,0.0
86,6.2,5.800000000000001,2.3,1.5611687346306369,2.4083189157584592,1.51657508881031
9,0.0,0.0,0.0,1.2457309396155174,0.0,0.0
66,18.2,3.0,3.0,1.520387861280808,1.7320508075688772,1.7320508075688772
90,0.0,4.4,2.2,1.5682823361402,2.097617696340303,1.4832396974191324
12,0.0,0.0,0.0,1.2820888539868154,0.0,0.0
60,0.0,3.3000000000000003,0.0,1.5059658546149226,1.8165902124584952,0.0
22,0.0,0.0,0.0,1.362204366553743,0.0,0.0
12,0.0,0.0,8.3,1.2820888539868154,0.0,2.8809720581775866
55,0.0,1.7999999999999998,3.6,1.492919081542439,1.3416407864998738,1.8973665961010275
43,9.1,0.0,2.3,1.456621934766155,0.0,1.51657508881031
27,0.0,0.0,0.0,1.3903891703159097,0.0,0.0
28,14.3,3.6,0.0,1.3954548940149718,1.8973665961010275,0.0
124,15.0,3.2,0.8,1.6193553801377651,1.7888543819998317,0.8944271909999159
279,13.7,6.1,1.4,1.7561451972965247,2.4698178070456938,1.1832159566199232
9,0.0,0.0,0.0,1.2457309396155174,0.0,0.0
21,50.0,0.0,0.0,1.355882106693847,0.0,0.0
5,0.0,0.0,0.0,1.174618943088019,0.0,0.0
11,0.0,0.0,0.0,1.2709816152101407,0.0,0.0
109,5.3,1.7999999999999998,2.8000000000000003,1.5986104580964025,1.3416407864998738,1.6733200530681511
74,7.1,2.7,4.1000000000000005,1.5378825600924682,1.6431676725154984,2.024845673131659
49,0.0,2.0,2.0,1.4757731615945522,1.4142135623730951,1.4142135623730951
22,0.0,0.0,0.0,1.362204366553743,0.0,0.0
9,0.0,0.0,0.0,1.2457309396155174,0.0,0.0
12,0.0,0.0,16.7,1.2820888539868154,0.0,4.08656334834051
85,11.8,5.9,2.4,1.55934385287342,2.428991560298224,1.5491933384829668
32,0.0,0.0,9.4,1.4142135623730951,0.0,3.0659419433511785
38,0.0,0.0,5.3,1.4387268865499157,0.0,2.3021728866442674
87,7.7,2.3,2.3,1.5629746177521229,1.51657508881031,1.51657508881031
9,0.0,0.0,11.1,1.2457309396155174,0.0,3.331666249791536
36,0.0,2.8000000000000003,2.8000000000000003,1.4309690811052556,1.6733200530681511,1.6733200530681511
37,0.0,0.0,0.0,1.4348951656753597,0.0,0.0
68,18.2,1.5,4.4,1.5249334511509007,1.224744871391589,2.097617696340303
34,0.0,0.0,5.9,1.4228132198218728,0.0,2.428991560298224
74,7.1,5.4,6.800000000000001,1.5378825600924682,2.32379000772445,2.6076809620810595
43,16.7,0.0,4.7,1.456621934766155,0.0,2.16794833886788
80,6.2,5.0,0.0,1.5499189875483372,2.23606797749979,0.0
16,50.0,0.0,0.0,1.3195079107728942,0.0,0.0
32,0.0,0.0,0.0,1.4142135623730951,0.0,0.0
47,0.0,0.0,23.4,1.469636013359929,0.0,4.83735464897913
19,0.0,0.0,5.3,1.3423796509621049,0.0,2.3021728866442674
60,0.0,1.7000000000000002,3.3000000000000003,1.5059658546149226,1.3038404810405295,1.8165902124584952
22,0.0,0.0,0.0,1.362204366553743,0.0,0.0
89,5.9,1.1,6.7,1.5665310257218434,1.0488088481701514,2.588435821108957
97,0.0,4.1000000000000005,1.0,1.580073077972056,2.024845673131659,1.0
65,7.1,3.1,3.1,1.5180683844287584,1.760681686165901,1.760681686165901
136,12.0,6.6000000000000005,0.7000000000000001,1.63438320507742,2.569046515733026,0.8366600265340756
68,0.0,5.9,0.0,1.5249334511509007,2.428991560298224,0.0
9,0.0,0.0,0.0,1.2457309396155174,0.0,0.0
4,0.0,0.0,0.0,1.148698354997035,0.0,0.0
23,0.0,0.0,4.3,1.368273083326153,0.0,2.073644135332772
57,0.0,1.7999999999999998,3.5000000000000004,1.4982610367903493,1.3416407864998738,1.8708286933869709
70,0.0,2.9000000000000004,2.9000000000000004,1.52936027064522,1.7029386365926402,1.7029386365926402
61,0.0,1.6,3.3000000000000003,1.5084571694663824,1.2649110640673518,1.8165902124584952
12,0.0,0.0,16.7,1.2820888539868154,0.0,4.08656334834051
173,5.3,5.800000000000001,2.3,1.674189486401828,2.4083189157584592,1.51657508881031
6,0.0,0.0,16.7,1.1962311988513157,0.0,4.08656334834051
9,0.0,0.0,0.0,1.2457309396155174,0.0,0.0
9,0.0,0.0,0.0,1.2457309396155174,0.0,0.0
10,0.0,0.0,0.0,1.2589254117941673,0.0,0.0
21,0.0,0.0,4.8,1.355882106693847,0.0,2.1908902300206643
33,0.0,0.0,3.0,1.4185720345070807,0.0,1.7320508075688772
88,11.1,4.5,1.1,1.564761915030063,2.1213203435596424,1.0488088481701514
23,0.0,0.0,8.7,1.368273083326153,0.0,2.949576240750525
13,0.0,7.7,7.7,1.2923922207808318,2.7748873851023217,2.7748873851023217
88,0.0,3.4000000000000004,3.4000000000000004,1.564761915030063,1.8439088914585773,1.8439088914585773
54,8.3,3.7,3.7,1.490182215342446,1.9235384061671343,1.9235384061671343
60,9.1,5.0,1.7000000000000002,1.5059658546149226,2.23606797749979,1.3038404810405295
61,0.0,1.6,8.200000000000001,1.5084571694663824,1.2649110640673518,2.863564212655271
19,0.0,0.0,0.0,1.3423796509621049,0.0,0.0
75,7.7,4.0,1.3,1.5399482490588157,2.0,1.140175425099138
42,12.5,4.8,0.0,1.4531984602822678,2.1908902300206643,0.0
20,0.0,0.0,0.0,1.3492828476735634,0.0,0.0
18,0.0,0.0,5.6000000000000005,1.335141362540313,0.0,2.3664319132398464
47,0.0,0.0,8.5,1.469636013359929,0.0,2.9154759474226504
94,5.6000000000000005,3.2,4.3,1.5751168787068055,1.7888543819998317,2.073644135332772
23,0.0,0.0,4.3,1.368273083326153,0.0,2.073644135332772
12,0.0,0.0,0.0,1.2820888539868154,0.0,0.0
11,0.0,0.0,0.0,1.2709816152101407,0.0,0.0
42,0.0,0.0,7.1,1.4531984602822678,0.0,2.664582518894845
88,17.599999999999998,5.7,0.0,1.564761915030063,2.3874672772626644,0.0
66,16.7,4.5,1.5,1.520387861280808,2.1213203435596424,1.224744871391589
27,0.0,3.7,0.0,1.3903891703159097,1.9235384061671343,0.0
390,6.6000000000000005,3.4000000000000004,2.5,1.815960763443493,1.8439088914585773,1.5811388300841898
18,25.0,5.6000000000000005,0.0,1.335141362540313,2.3664319132398464,0.0
36,0.0,2.8000000000000003,0.0,1.4309690811052556,1.6733200530681511,0.0
16,0.0,0.0,0.0,1.3195079107728942,0.0,0.0
15,0.0,0.0,0.0,1.31101942303975,0.0,0.0
279,2.1,3.6,1.7999999999999998,1.7561451972965247,1.8973665961010275,1.3416407864998738
24,0.0,0.0,0.0,1.3741088103166372,0.0,0.0
58,0.0,1.7000000000000002,3.4000000000000004,1.50086904106665,1.3038404810405295,1.8439088914585773
54,0.0,0.0,1.9,1.490182215342446,0.0,1.378404875209022
38,0.0,2.6,2.6,1.4387268865499157,1.61245154965971,1.61245154965971
305,7.8,3.0,3.0,1.7718623660921469,1.7320508075688772,1.7320508075688772
92,0.0,2.2,4.3,1.5717330400034728,1.4832396974191324,2.073644135332772
37,0.0,0.0,2.7,1.4348951656753597,0.0,1.6431676725154984
120,15.0,5.0,0.0,1.6140542384620635,2.23606797749979,0.0
63,0.0,0.0,11.1,1.513331440538913,0.0,3.331666249791536
25,0.0,0.0,0.0,1.379729661461215,0.0,0.0
110,0.0,0.0,3.6,1.600071053311242,0.0,1.8973665961010275
36,12.5,2.8000000000000003,2.8000000000000003,1.4309690811052556,1.6733200530681511,1.6733200530681511
22,0.0,0.0,0.0,1.362204366553743,0.0,0.0
390,11.5,4.6,1.7999999999999998,1.815960763443493,2.1447610589527217,1.3416407864998738
88,6.2,6.800000000000001,0.0,1.564761915030063,2.6076809620810595,0.0
91,0.0,2.2,4.4,1.570016220211393,1.4832396974191324,2.097617696340303
55,0.0,0.0,9.1,1.492919081542439,0.0,3.0166206257996717
385,14.499999999999998,4.9,1.6,1.8136190668716596,2.213594362117865,1.2649110640673518
32,0.0,0.0,0.0,1.4142135623730951,0.0,0.0
27,0.0,0.0,0.0,1.3903891703159097,0.0,0.0
91,0.0,1.1,5.5,1.570016220211393,1.0488088481701514,2.345207879911715
52,0.0,1.9,1.9,1.4845688180219063,1.378404875209022,1.378404875209022
47,0.0,0.0,17.0,1.469636013359929,0.0,4.123105625617661
65,15.4,4.6,0.0,1.5180683844287584,2.1447610589527217,0.0
14,0.0,0.0,0.0,1.3020054543174675,0.0,0.0
92,5.3,5.4,2.2,1.5717330400034728,2.32379000772445,1.4832396974191324
26,0.0,0.0,15.4,1.3851516854212416,0.0,3.924283374069717
17,0.0,0.0,11.8,1.3275316748885193,0.0,3.435112807463533
42,0.0,2.4,0.0,1.4531984602822678,1.5491933384829668,0.0
74,7.1,5.4,2.7,1.5378825600924682,2.32379000772445,1.6431676725154984
95,22.2,5.3,2.1,1.5767845668359717,2.3021728866442674,1.449137674618944
7,100.0,0.0,0.0,1.214814044039067,0.0,0.0
29,0.0,3.4000000000000004,0.0,1.400360331291396,1.8439088914585773,0.0
17,0.0,0.0,0.0,1.3275316748885193,0.0,0.0
110,15.8,5.5,0.8999999999999999,1.600071053311242,2.345207879911715,0.9486832980505138
84,25.0,3.6,2.4,1.557499545529136,1.8973665961010275,1.5491933384829668
17,0.0,0.0,0.0,1.3275316748885193,0.0,0.0
74,0.0,0.0,2.7,1.5378825600924682,0.0,1.6431676725154984
100,17.599999999999998,6.0,0.0,1.5848931924611136,2.449489742783178,0.0
24,0.0,0.0,8.3,1.3741088103166372,0.0,2.8809720581775866
149,3.7,2.7,4.0,1.6493720349527217,1.6431676725154984,2.0
56,11.1,3.6,1.7999999999999998,1.4956115235716425,1.8973665961010275,1.3416407864998738
72,0.0,6.9,1.4,1.5336746868385571,2.6267851073127395,1.1832159566199232
168,12.1,6.0,0.6,1.6692866808104652,2.449489742783178,0.7745966692414834
9,0.0,0.0,0.0,1.2457309396155174,0.0,0.0
9,0.0,0.0,0.0,1.2457309396155174,0.0,0.0
84,11.1,6.0,3.6,1.557499545529136,2.449489742783178,1.8973665961010275
74,0.0,6.800000000000001,1.4,1.5378825600924682,2.6076809620810595,1.1832159566199232
27,0.0,0.0,0.0,1.3903891703159097,0.0,0.0
38,0.0,2.6,5.3,1.4387268865499157,1.61245154965971,2.3021728866442674
12,0.0,0.0,16.7,1.2820888539868154,0.0,4.08656334834051
22,0.0,0.0,4.5,1.362204366553743,0.0,2.1213203435596424
48,0.0,0.0,2.1,1.4727333575346888,0.0,1.449137674618944
12,0.0,0.0,16.7,1.2820888539868154,0.0,4.08656334834051
43,0.0,2.3,0.0,1.456621934766155,1.51657508881031,0.0
94,6.7,0.0,4.3,1.5751168787068055,0.0,2.073644135332772
75,6.7,2.7,2.7,1.5399482490588157,1.6431676725154984,1.6431676725154984
8,0.0,0.0,0.0,1.2311444133449163,0.0,0.0
28,33.300000000000004,0.0,0.0,1.3954548940149718,0.0,0.0
17,0.0,0.0,0.0,1.3275316748885193,0.0,0.0
38,0.0,0.0,2.6,1.4387268865499157,0.0,1.61245154965971
6,0.0,0.0,0.0,1.1962311988513157,0.0,0.0
21,0.0,0.0,4.8,1.355882106693847,0.0,2.1908902300206643
24,0.0,0.0,4.2,1.3741088103166372,0.0,2.04939015319192
389,15.6,4.1000000000000005,1.3,1.8154945943379008,2.024845673131659,1.140175425099138
12,0.0,0.0,0.0,1.2820888539868154,0.0,0.0
10,0.0,0.0,0.0,1.2589254117941673,0.0,0.0
71,0.0,1.4,2.8000000000000003,1.531531151659999,1.1832159566199232,1.6733200530681511
128,5.0,3.9,1.6,1.6245047927124712,1.9748417658131496,1.2649110640673518
27,0.0,0.0,0.0,1.3903891703159097,0.0,0.0
10,0.0,0.0,0.0,1.2589254117941673,0.0,0.0
26,16.7,3.8,3.8,1.3851516854212416,1.949358868961793,1.949358868961793
37,0.0,2.7,5.4,1.4348951656753597,1.6431676725154984,2.32379000772445
14,0.0,0.0,0.0,1.3020054543174675,0.0,0.0
65,0.0,4.6,4.6,1.5180683844287584,2.1447610589527217,2.1447610589527217
25,0.0,0.0,4.0,1.379729661461215,0.0,2.0
14,0.0,0.0,0.0,1.3020054543174675,0.0,0.0
24,33.300000000000004,0.0,0.0,1.3741088103166372,0.0,0.0
15,0.0,0.0,0.0,1.31101942303975,0.0,0.0
12,0.0,0.0,8.3,1.2820888539868154,0.0,2.8809720581775866
58,0.0,0.0,3.4000000000000004,1.50086904106665,0.0,1.8439088914585773
22,0.0,0.0,4.5,1.362204366553743,0.0,2.1213203435596424
84,6.7,3.6,1.2,1.557499545529136,1.8973665961010275,1.095445115010332
14,0.0,0.0,0.0,1.3020054543174675,0.0,0.0
29,0.0,0.0,0.0,1.400360331291396,0.0,0.0
11,0.0,0.0,0.0,1.2709816152101407,0.0,0.0
26,0.0,0.0,3.8,1.3851516854212416,0.0,1.949358868961793
23,0.0,0.0,8.7,1.368273083326153,0.0,2.949576240750525
51,0.0,0.0,2.0,1.4816888666071193,0.0,1.4142135623730951
4,0.0,0.0,0.0,1.148698354997035,0.0,0.0
18,0.0,0.0,0.0,1.335141362540313,0.0,0.0
66,0.0,0.0,0.0,1.520387861280808,0.0,0.0
101,0.0,1.0,4.0,1.5864709984787195,1.0,2.0
10,0.0,0.0,0.0,1.2589254117941673,0.0,0.0
47,0.0,0.0,4.3,1.469636013359929,0.0,2.073644135332772
101,0.0,1.0,5.0,1.5864709984787195,1.0,2.23606797749979
